

-- ----------------------------
-- Table structure for sys_config
-- ----------------------------
DROP TABLE IF EXISTS "public"."sys_config";
CREATE TABLE "public"."sys_config" (
  "id" bigint NOT NULL ,
  "name" varchar(200) ,
  "code" varchar(200) NOT NULL ,
  "dict_flag" char(1) NOT NULL ,
  "dict_type_id" bigint  DEFAULT NULL,
  "value" varchar(200) NOT NULL  ,
  "remark" varchar(200) DEFAULT NULL ,
  "create_time" TIMESTAMP DEFAULT NULL  ,
  "create_user" bigint DEFAULT NULL  ,
  "update_time" TIMESTAMP DEFAULT NULL ,
  "update_user" bigint DEFAULT NULL
)
;
ALTER TABLE "public"."sys_config" OWNER TO "smt";

-- ----------------------------
-- Primary Key structure for table production
-- ----------------------------
ALTER TABLE "public"."sys_config" ADD CONSTRAINT "sys_config_pkey" PRIMARY KEY ("id");

-- ----------------------------
-- Records of sys_config
-- ----------------------------
BEGIN;
INSERT INTO "sys_config" VALUES (1143324237579165697, '验证码开关', 'GUNS_KAPTCHA_OPEN', 'Y', 1106120265689055233, 'DISABLE', '是否开启验证码', '2019-06-24 12:46:43', 1, '2019-06-25 09:04:42', 1);
INSERT INTO "sys_config" VALUES (1143386834613694465, '阿里云短信的keyId', 'GUNS_SMS_ACCESSKEY_ID', 'N', NULL, 'xxxkey', '阿里云短信的密钥key', '2019-06-25 13:13:59', 1, '2019-06-25 13:19:21', 1);
INSERT INTO "sys_config" VALUES (1143386953933254657, '阿里云短信的secret', 'GUNS_SMS_ACCESSKEY_SECRET', 'N', NULL, 'xxxsecret', '阿里云短信的secret', '2019-06-25 13:14:28', 1, NULL, NULL);
INSERT INTO "sys_config" VALUES (1143387023449649154, '阿里云短信的签名', 'GUNS_SMS_SIGN_NAME', 'N', NULL, 'xxxsign', '阿里云短信的签名', '2019-06-25 13:14:44', 1, NULL, NULL);
INSERT INTO "sys_config" VALUES (1143387131109044225, '阿里云短信登录的模板号', 'GUNS_SMS_LOGIN_TEMPLATE_CODE', 'N', NULL, 'SMS_XXXXXX', '阿里云短信登录的模板号', '2019-06-25 13:15:10', 1, NULL, NULL);
INSERT INTO "sys_config" VALUES (1143387225019510785, '验证码短信失效时间', 'GUNS_SMS_INVALIDATE_MINUTES', 'N', NULL, '2', '验证码短信失效时间', '2019-06-25 13:15:32', 1, NULL, NULL);
INSERT INTO "sys_config" VALUES (1143468689664876546, '管理系统名称', 'GUNS_SYSTEM_NAME', 'N', NULL, 'Guns快速开发平台', '管理系统名称', '2019-06-25 18:39:15', 1, NULL, NULL);
INSERT INTO "sys_config" VALUES (1143468867767607297, '默认系统密码', 'GUNS_DEFAULT_PASSWORD', 'N', NULL, '111111', '默认系统密码', '2019-06-25 18:39:57', 1, NULL, NULL);
INSERT INTO "sys_config" VALUES (1143469008025133058, 'OAuth2登录用户的账号标识', 'GUNS_OAUTH2_PREFIX', 'N', NULL, 'oauth2', 'OAuth2登录用户的账号标识', '2019-06-25 18:40:31', 1, NULL, NULL);
INSERT INTO "sys_config" VALUES (1145207130463191041, '顶部导航条是否开启', 'GUNS_DEFAULT_ADVERT', 'Y', 1106120265689055233, 'ENABLE', '顶部Guns广告是否开启', '2019-06-30 13:47:11', 1, '2019-06-30 13:47:20', 1);
INSERT INTO "sys_config" VALUES (1145915627211370498, 'Guns发布的编号', 'GUNS_SYSTEM_RELEASE_VERSION', 'N', NULL, '20191025', '用于防止浏览器缓存相关的js和css', '2019-07-02 12:42:30', 1, NULL, NULL);
INSERT INTO "sys_config" VALUES (1145915627211370499, '文件上传路径', 'GUNS_FILE_UPLOAD_PATH', 'N', NULL, '/Users/stylefeng/tmp/gunsTempFiles/', '文件上传默认目录', '2019-08-30 09:10:40', 1, NULL, NULL);
INSERT INTO "sys_config" VALUES (1145915627211370500, 'BPMN文件上传路径', 'GUNS_BPMN_FILE_UPLOAD_PATH', 'N', NULL, '/Users/stylefeng/tmp/gunsTempFiles/', '工作流文件上传默认目录', '2019-08-30 09:10:40', 1, NULL, NULL);
INSERT INTO "sys_config" VALUES (1145915627211370501, '获取系统地密钥过期时间', 'GUNS_JWT_SECRET_EXPIRE', 'N', NULL, '86400', '获取系统地密钥过期时间（单位：秒），默认1天', '2019-10-16 23:02:39', 1, NULL, NULL);
INSERT INTO "sys_config" VALUES (1145915627211370502, '获取token的header标识', 'GUNS_TOKEN_HEADER_NAME', 'N', NULL, 'Authorization', '获取token的header标识', '2019-10-16 23:02:39', 1, NULL, NULL);
INSERT INTO "sys_config" VALUES (1145915627211370503, '获取租户是否开启的标识', 'GUNS_TENANT_OPEN', 'Y', 1106120265689055233, 'DISABLE', '获取租户是否开启的标识，默认是关的', '2019-10-16 23:02:39', 1, NULL, NULL);
INSERT INTO "sys_config" VALUES (1202256370647601153, 'ftp用户名', 'FTP_USER', 'N', NULL, 'uu188912', 'bccwFTP', '2019-12-05 00:00:30', 1, NULL, NULL);
INSERT INTO "sys_config" VALUES (1202256551690539010, 'ftp密码', 'FTP_PASS', 'N', NULL, 'xzmF0KHCBhYyeKH', '', '2019-12-05 00:01:13', 1, NULL, NULL);
INSERT INTO "sys_config" VALUES (1202256698843500545, 'FTP地址', 'FTP_ADD', 'N', NULL, '47.52.110.120', '', '2019-12-05 00:01:49', 1, '2019-12-05 00:02:07', 1);
INSERT INTO "sys_config" VALUES (1202257741685886978, 'FTP目录', 'FTP_DIR', 'N', NULL, '2-yimi', '', '2019-12-05 00:05:57', 1, NULL, NULL);
COMMIT;

INSERT INTO "sys_dept" VALUES (24, 0, '[0],', '总公司', '总公司', '', NULL, 1, NULL, NULL, NULL, NULL);
INSERT INTO "sys_dept" VALUES (25, 24, '[0],[24],', '开发部', '开发部', '', NULL, 2, NULL, NULL, NULL, NULL);
INSERT INTO "sys_dept" VALUES (26, 24, '[0],[24],', '运营部', '运营部', '', NULL, 3, NULL, NULL, NULL, NULL);
INSERT INTO "sys_dept" VALUES (27, 24, '[0],[24],', '战略部', '战略部', '', NULL, 4, NULL, NULL, NULL, NULL);


BEGIN;
INSERT INTO "public"."sys_dict" VALUES (1106120532442595330, 1106120208097067009, 'M', '男', 0, '[0]', 'ENABLE', NULL, '', '2019-03-14 17:11:00', NULL, '2019-06-25 09:04:42', NULL);
INSERT INTO "public"."sys_dict" VALUES (1106120574163337218, 1106120208097067009, 'F', '女', 0, '[0]', 'ENABLE', NULL, '', '2019-03-14 17:11:10', NULL, '2019-06-25 09:04:42', NULL);
INSERT INTO "public"."sys_dict" VALUES (1106120645697191938, 1106120265689055233, 'ENABLE', '启用', 0, '[0]', 'ENABLE', NULL, '', '2019-03-14 17:11:27', NULL, '2019-06-25 09:04:42', NULL);
INSERT INTO "public"."sys_dict" VALUES (1106120699468169217, 1106120265689055233, 'DISABLE', '禁用', 0, '[0]', 'ENABLE', NULL, '', '2019-03-14 17:11:40', NULL, '2019-06-25 09:04:42', NULL);
INSERT INTO "public"."sys_dict" VALUES (1106120784318939137, 1106120322450571266, 'ENABLE', '启用', 0, '[0]', 'ENABLE', NULL, '', '2019-03-14 17:12:00', NULL, '2019-06-25 09:04:42', NULL);
INSERT INTO "public"."sys_dict" VALUES (1106120825993543682, 1106120322450571266, 'FREEZE', '冻结', 0, '[0]', 'ENABLE', 1, '', '2019-03-14 17:12:10', 1, '2019-06-25 09:04:42', 1);
INSERT INTO "public"."sys_dict" VALUES (1106120875872206849, 1106120322450571266, 'DELETED', '已删除', 0, '[0]', 'ENABLE', -1221, '', '2019-03-14 17:12:22', 1, '2019-06-25 09:04:42', 1);
INSERT INTO "public"."sys_dict" VALUES (1106120935070613505, 1106120388036902914, 'Y', '删除', 0, '[0]', 'ENABLE', 23333, '', '2019-03-14 17:12:36', 1, '2019-06-25 09:04:42', 1);
INSERT INTO "public"."sys_dict" VALUES (1106120968910258177, 1106120388036902914, 'N', '未删除', 0, '[0]', 'ENABLE', 1212211221, '', '2019-03-14 17:12:44', 1, '2019-06-25 09:04:42', 1);
INSERT INTO "public"."sys_dict" VALUES (1149218674746355713, 1149217131989069826, 'BASE_SYSTEM', '系统管理', 0, '[0]', 'ENABLE', 1, '系统管理平台', '2019-07-11 15:27:38', 1, '2019-07-11 20:27:14', 1);
INSERT INTO "public"."sys_dict" VALUES (1160533174626959361, 1160532704105742337, '00101', '办公审批', 0, '[0]', 'ENABLE', 10, '', '2019-08-11 20:47:25', NULL, '2019-07-11 20:27:14', NULL);
INSERT INTO "public"."sys_dict" VALUES (1160533264645111810, 1160532704105742337, '00102', '行政审批', 0, '[0]', 'ENABLE', 20, '', '2019-08-11 20:47:47', NULL, '2019-07-11 20:27:14', NULL);
INSERT INTO "public"."sys_dict" VALUES (1160533377727741954, 1160532775455047681, 'KEY_LEAVE', '请假流程标识', 0, '[0]', 'ENABLE', 10, '', '2019-08-11 20:48:14', NULL, '2019-07-11 20:27:14', NULL);
INSERT INTO "public"."sys_dict" VALUES (1160533455343337474, 1160532775455047681, 'KEY_FINANCE', '财务流程标识', 0, '[0]', 'ENABLE', 20, '', '2019-08-11 20:48:32', NULL, '2019-07-11 20:27:14', NULL);
INSERT INTO "public"."sys_dict" VALUES (1160533574843252737, 1160532886713155585, '00401', '事假', 0, '[0]', 'ENABLE', 10, '', '2019-08-11 20:49:01', NULL, '2019-07-11 20:27:14', NULL);
INSERT INTO "public"."sys_dict" VALUES (1160533625615302658, 1160532886713155585, '00402', '婚假', 0, '[0]', 'ENABLE', 20, '', '2019-08-11 20:49:13', NULL, '2019-07-11 20:27:14', NULL);
INSERT INTO "public"."sys_dict" VALUES (1160533707215486977, 1160532886713155585, '00403', '产假', 0, '[0]', 'ENABLE', 30, '', '2019-08-11 20:49:32', NULL, '2019-07-11 20:27:14', NULL);
INSERT INTO "public"."sys_dict" VALUES (1160533765403066370, 1160532886713155585, '00404', '病假', 0, '[0]', 'ENABLE', 40, '', '2019-08-11 20:49:46', NULL, '2019-07-11 20:27:14', NULL);
INSERT INTO "public"."sys_dict" VALUES (1160533863834992641, 1160532886713155585, '00405', '公假', 0, '[0]', 'ENABLE', 50, '', '2019-08-11 20:50:09', NULL, '2019-07-11 20:27:14', NULL);
INSERT INTO "public"."sys_dict" VALUES (1160533945309347841, 1160532886713155585, '00406', '年假', 0, '[0]', 'ENABLE', 60, '', '2019-08-11 20:50:29', NULL, '2019-07-11 20:27:14', NULL);
INSERT INTO "public"."sys_dict" VALUES (1160534007389241346, 1160532886713155585, '00407', '其他', 0, '[0]', 'ENABLE', 70, '', '2019-08-11 20:50:44', NULL, '2019-07-11 20:27:14', NULL);
COMMIT;

BEGIN;
INSERT INTO "sys_dict_type" VALUES (1106120208097067009, 'SEX', '性别',  'Y', 'ENABLE', 4,'', '2019-03-14 17:09:43', 1, NULL, NULL);
INSERT INTO "sys_dict_type" VALUES (1106120265689055233, 'STATUS', '状态',  'Y', 'ENABLE', 3,'', '2019-03-14 17:09:57', 1, NULL, NULL);
INSERT INTO "sys_dict_type" VALUES (1106120322450571266, 'ACCOUNT_STATUS', '账号状态',  'Y', 'ENABLE', 40,'', '2019-03-14 17:10:10', 1, '2019-08-11 20:46:38', 1);
INSERT INTO "sys_dict_type" VALUES (1106120388036902914, 'DEL_FLAG', '是否删除',  'Y', 'ENABLE', 2, '','2019-03-14 17:10:26', 1, '2019-03-27 16:26:31', 1);
INSERT INTO "sys_dict_type" VALUES (1149217131989069826, 'SYSTEM_TYPE', '系统分类',  'Y', 'ENABLE', 50, '系统所有分类的维护','2019-07-11 15:21:30', 1, '2019-08-11 20:46:47', 1);
INSERT INTO "sys_dict_type" VALUES (1160532704105742337, 'FLOW_CATEGARY', '工作流分类',  'Y', 'ENABLE', 60,'工作流分类', '2019-08-11 20:45:33', 1, NULL, NULL);
INSERT INTO "sys_dict_type" VALUES (1160532775455047681, 'FLOW_KEY', '工作流标识',  'Y', 'ENABLE', 70, '工作流标识','2019-08-11 20:45:50', 1, NULL, NULL);
INSERT INTO "sys_dict_type" VALUES (1160532886713155585, 'LEAVE_TYPE', '请假类型',  'Y', 'ENABLE', 80, '请假类型','2019-08-11 20:46:17', 1, '2019-08-11 20:46:23', 1);

COMMIT;
SET FOREIGN_KEY_CHECKS = 1;
